model,pretrained,roc_auc,average_precision,hits@10,hits@50,mrr
hgt,False,0.9117737737557564,0.8814003041431335,0.5032957555596624,0.9088584981211113,0.2223975201552144
hgt,True,0.9018763670552538,0.8771623160716879,0.5032033511981766,0.8691554241360192,0.21522314812014062
rgcn,False,0.9110933800197836,0.8798425559121559,0.4906363580360993,0.907903653052424,0.21082470055042998
rgcn,True,0.9114072686171278,0.879207656805537,0.4940553194110762,0.8972155485738927,0.20919310892465173
