model,pretrained,roc_auc,average_precision,hits@10,hits@50,mrr
hgt,False,0.6243853848835399,0.6071278469881038,0.0006949270326615705,0.006254343293954135,0.001066385625038362
hgt,True,0.6448991051416193,0.6330423737584328,0.0016876799364638141,0.0065025315199046954,0.0012356348848651588
rgcn,False,0.6694341337522298,0.6445886695913595,0.0012409411297528046,0.006303980939144247,0.0009974576618329508
rgcn,True,0.6124684989687462,0.6000558287061432,0.0006452893874714583,0.006552169165094808,0.0009135687228285358
