{
  "model": "hgt",
  "pretrained": false,
  "best_val_ap": 0.8844119071081152,
  "test_metrics": {
    "roc_auc": 0.9117737737557564,
    "average_precision": 0.8814003041431335,
    "hits@10": 0.5032957555596624,
    "hits@50": 0.9088584981211113,
    "mrr": 0.2223975201552144
  }
}