{
  "model": "rgcn",
  "pretrained": true,
  "best_val_ap": 0.882819837640745,
  "test_metrics": {
    "roc_auc": 0.9114072686171278,
    "average_precision": 0.879207656805537,
    "hits@10": 0.4940553194110762,
    "hits@50": 0.8972155485738927,
    "mrr": 0.20919310892465173
  }
}