{
  "model": "hgt",
  "pretrained": true,
  "best_val_ap": 0.6377906444149296,
  "test_metrics": {
    "roc_auc": 0.6448991051416193,
    "average_precision": 0.6330423737584328,
    "hits@10": 0.0016876799364638141,
    "hits@50": 0.0065025315199046954,
    "mrr": 0.0012356348848651588
  }
}