{
  "model": "hgt",
  "pretrained": true,
  "best_val_ap": 0.8631861213693663,
  "test_metrics": {
    "roc_auc": 0.8891704152249136,
    "average_precision": 0.861134683512365,
    "hits@10": 0.0030030959752321983,
    "hits@50": 0.024241486068111454,
    "mrr": 0.002670953864772997
  }
}