{
  "model": "rgcn",
  "pretrained": false,
  "best_val_ap": 0.8769859267192455,
  "test_metrics": {
    "roc_auc": 0.8921711010361453,
    "average_precision": 0.8705922251655738,
    "hits@10": 0.003993808049535604,
    "hits@50": 0.02111455108359133,
    "mrr": 0.0032012974125095405
  }
}