{
  "model": "hgt",
  "pretrained": true,
  "best_val_ap": 0.904064394610828,
  "test_metrics": {
    "roc_auc": 0.9242416958337442,
    "average_precision": 0.8994914448697375,
    "hits@10": 0.4999383970923428,
    "hits@50": 0.9107681882584858,
    "mrr": 0.22290701335442945
  }
}