{
  "model": "rgcn",
  "pretrained": true,
  "best_val_ap": 0.906946661765658,
  "test_metrics": {
    "roc_auc": 0.9198320074894685,
    "average_precision": 0.8982741996761017,
    "hits@10": 0.48780262428386617,
    "hits@50": 0.9085812850366537,
    "mrr": 0.20397956962390676
  }
}