{
  "model": "rgcn",
  "pretrained": true,
  "best_val_ap": 0.8759632310370328,
  "test_metrics": {
    "roc_auc": 0.8928895853501903,
    "average_precision": 0.8725941051090641,
    "hits@10": 0.0027554179566563466,
    "hits@50": 0.024458204334365324,
    "mrr": 0.002888260190574911
  }
}