{
  "model": "rgcn",
  "pretrained": false,
  "best_val_ap": 0.8829498907677258,
  "test_metrics": {
    "roc_auc": 0.9110933800197836,
    "average_precision": 0.8798425559121559,
    "hits@10": 0.4906363580360993,
    "hits@50": 0.907903653052424,
    "mrr": 0.21082470055042998
  }
}