{
  "model": "rgcn",
  "pretrained": false,
  "best_val_ap": 0.9038732687809781,
  "test_metrics": {
    "roc_auc": 0.9207627424938992,
    "average_precision": 0.8960134604707843,
    "hits@10": 0.49464054703382,
    "hits@50": 0.9083656748598534,
    "mrr": 0.212204623475579
  }
}