{
  "model": "hgt",
  "pretrained": true,
  "best_val_ap": 0.9046892169236691,
  "test_metrics": {
    "roc_auc": 0.9229656042956259,
    "average_precision": 0.9026735437789225,
    "hits@10": 0.48663216903837864,
    "hits@50": 0.9113226144274009,
    "mrr": 0.21573877419544082
  }
}