{
  "model": "hgt",
  "pretrained": false,
  "best_val_ap": 0.9046982936427727,
  "test_metrics": {
    "roc_auc": 0.9221101229940968,
    "average_precision": 0.8997443943382818,
    "hits@10": 0.5018172857758886,
    "hits@50": 0.9088584981211113,
    "mrr": 0.2226371649611474
  }
}