{
  "model": "rgcn",
  "pretrained": false,
  "best_val_ap": 0.9036897413416675,
  "test_metrics": {
    "roc_auc": 0.9220500238227889,
    "average_precision": 0.9007613784605062,
    "hits@10": 0.4754204398447607,
    "hits@50": 0.9080884617753958,
    "mrr": 0.19991000627378722
  }
}