{
  "model": "hgt",
  "pretrained": false,
  "best_val_ap": 0.8743283504207522,
  "test_metrics": {
    "roc_auc": 0.8575939391497537,
    "average_precision": 0.8711456782125334,
    "hits@10": 0.49038994640547034,
    "hits@50": 0.8616706708556644,
    "mrr": 0.20939729230089343
  }
}