{
  "model": "hgt",
  "pretrained": false,
  "best_val_ap": 0.8665948573319724,
  "test_metrics": {
    "roc_auc": 0.8864680223140258,
    "average_precision": 0.8601658035440198,
    "hits@10": 0.0036842105263157894,
    "hits@50": 0.016191950464396285,
    "mrr": 0.0027066902990851003
  }
}