{
  "model": "hgt",
  "pretrained": false,
  "best_val_ap": 0.60691618929931,
  "test_metrics": {
    "roc_auc": 0.6243853848835399,
    "average_precision": 0.6071278469881038,
    "hits@10": 0.0006949270326615705,
    "hits@50": 0.006254343293954135,
    "mrr": 0.001066385625038362
  }
}