{
  "model": "rgcn",
  "pretrained": true,
  "best_val_ap": 0.5981393783215316,
  "test_metrics": {
    "roc_auc": 0.6124684989687462,
    "average_precision": 0.6000558287061432,
    "hits@10": 0.0006452893874714583,
    "hits@50": 0.006552169165094808,
    "mrr": 0.0009135687228285358
  }
}