{
  "model": "hgt",
  "pretrained": true,
  "best_val_ap": 0.8792150472443254,
  "test_metrics": {
    "roc_auc": 0.9018763670552538,
    "average_precision": 0.8771623160716879,
    "hits@10": 0.5032033511981766,
    "hits@50": 0.8691554241360192,
    "mrr": 0.21522314812014062
  }
}