{
  "model": "rgcn",
  "pretrained": true,
  "best_val_ap": 0.9055268478472532,
  "test_metrics": {
    "roc_auc": 0.9204455992798065,
    "average_precision": 0.8964069225392289,
    "hits@10": 0.49165280601244377,
    "hits@50": 0.9087044908519682,
    "mrr": 0.2086890726726591
  }
}