{
  "model": "rgcn",
  "pretrained": false,
  "best_val_ap": 0.6490561623211746,
  "test_metrics": {
    "roc_auc": 0.6694341337522298,
    "average_precision": 0.6445886695913595,
    "hits@10": 0.0012409411297528046,
    "hits@50": 0.006303980939144247,
    "mrr": 0.0009974576618329508
  }
}